<?xml version="1.0"?>
<!DOCTYPE look-and-feel PUBLIC "-//Liferay//DTD Look and Feel 7.1.0//EN" "http://www.liferay.com/dtd/liferay-look-and-feel_7_1_0.dtd">

<look-and-feel>
	<compatibility>
		<version>7.1.0+</version>
	</compatibility>
	<theme id="opencps-parent-vue-bvh" name="opencps-parent-vue-bvh">
		<template-extension>ftl</template-extension>
		<settings>
			<setting configurable="true" key="m_sitename" type="text" value=""></setting>
			<setting configurable="true" key="m_main_responsibility" type="text" value=""></setting>
			<setting configurable="true" key="m_address" type="text" value=""></setting>
			<setting configurable="true" key="m_phone" type="text" value=""></setting>
			<setting configurable="true" key="m_email" type="text" value=""></setting>
			<setting configurable="true" key="m_copyright" type="text" value=""></setting>
		</settings>
		<portlet-decorator id="barebone" name="Barebone">
			<portlet-decorator-css-class>portlet-barebone</portlet-decorator-css-class>
		</portlet-decorator>
		<portlet-decorator id="borderless" name="Borderless">
			<portlet-decorator-css-class>portlet-borderless</portlet-decorator-css-class>
		</portlet-decorator>
		<portlet-decorator id="decorate" name="Decorate">
			<default-portlet-decorator>true</default-portlet-decorator>
			<portlet-decorator-css-class>portlet-decorate</portlet-decorator-css-class>
		</portlet-decorator>
	</theme>
</look-and-feel>
