{
    "initData": {
        "menuConfigToDo": "/o/rest/v2_1/menuconfigs/todo",
        "counterMenuStep": "/o/rest/v2/statistics/dossiers/todo",
        "getListThuTucHanhChinh": "/o/rest/v2/onegate/serviceconfigs/processes",
        "serviceInfoApi": "/o/rest/v2/serviceinfos",
        "regionApi": "/o/rest/v2/dictcollections",
        "postDossierApi": "/o/rest/v2/dossiers",
        "dossierTemplatesApi": "/o/rest/v2/dossiertemplates",
        "applicantApi": "/o/rest/v2/applicants",
        "dossierlogsApi": "/o/rest/v2/dossierlogs",
        "dossierApi": "/o/rest/v2/dossiers",
        "serviceProcessesApi": "/o/rest/v2/serviceprocesses",
        "serviceConfigApi": "/o/rest/v2/serviceconfigs",
        "serviceConfigByGovApi": "/o/rest/v2/serviceconfigs/govagencies",
        "getNextAction": "/o/rest/v2/dossiers",
        "documentApi": "/o/rest/v2_1/dossiers",
        "stepConfigApi": "/o/rest/v2_1/stepconfigs",
        "getServiceConfigs": "/o/rest/v2/serviceconfigs",
        "commentApi": "/o/rest/v2/comments"
    },
    "renderURLInit": "?p_p_id=OneGate&p_p_lifecycle=2&p_p_state=exclusive&p_p_mode=view&p_p_resource_id=renderURLInit",
    "dossierTemplates": [
        {
            "partNo": "2",
            "partName": "Giấy đăng ký hợp đồng xuất khẩu sản phẩm thủy sản (tải bản scan)",
            "partTip": "",
            "partType": 0,
            "multiple": false,
            "required": false,
            "esign": false,
            "fileTemplateNo": "",
            "hasForm": true,
            "fileType": 0
        },
        {
            "partNo": "2",
            "partName": "Giấy đăng ký hợp đồng xuất khẩu sản phẩm thủy sản (tải bản scan)",
            "partTip": "",
            "partType": 0,
            "multiple": false,
            "required": false,
            "esign": false,
            "fileTemplateNo": "",
            "hasForm": true,
            "fileType": 0
        },
        {
            "partNo": "2",
            "partName": "Giấy đăng ký hợp đồng xuất khẩu sản phẩm thủy sản (tải bản scan)",
            "partTip": "",
            "partType": 0,
            "multiple": false,
            "required": false,
            "esign": false,
            "fileTemplateNo": "",
            "hasForm": true,
            "fileType": 0
        },
        {
            "partNo": "2",
            "partName": "Giấy đăng ký hợp đồng xuất khẩu sản phẩm thủy sản (tải bản scan)",
            "partTip": "",
            "partType": 0,
            "multiple": false,
            "required": false,
            "esign": false,
            "fileTemplateNo": "",
            "hasForm": true,
            "fileType": 0
        },
        {
            "partNo": "2",
            "partName": "Giấy đăng ký hợp đồng xuất khẩu sản phẩm thủy sản (tải bản scan)",
            "partTip": "",
            "partType": 0,
            "multiple": false,
            "required": false,
            "esign": false,
            "fileTemplateNo": "",
            "hasForm": true,
            "fileType": 0
        }
    ],
    "advSearchTools": [
        {
            "index": 0,
            "value": "adv_0",
            "text": "Lọc hồ sơ theo năm - tháng",
            "type": "select",
            "dataSource": "data",
            "spec": "year_month",
            "display": false,
            "disabled": false
        },
        {
            "index": 1,
            "value": "adv_1",
            "text": "Lọc hồ sơ theo top",
            "type": "select",
            "dataSource": "data",
            "spec": "top",
            "display": false,
            "disabled": false
        },
        {
            "index": 2,
            "value": "adv_2",
            "text": "Lọc trạng thái hồ sơ",
            "type": "select",
            "dataSource": "getStatusLists",
            "spec": "status",
            "display": false,
            "disabled": false
        },
        {
            "index": 3,
            "value": "adv_3",
            "text": "Lọc trạng thái con",
            "type": "select",
            "dataSource": "getSubstatusLists",
            "spec": "substatus",
            "display": false,
            "disabled": false
        },
        {
            "index": 4,
            "value": "adv_4",
            "text": "Lọc theo mã đơn vị",
            "type": "select",
            "dataSource": "getAgencyLists",
            "spec": "agency",
            "display": false,
            "disabled": false
        },
        {
            "index": 5,
            "value": "adv_5",
            "text": "Lọc theo mã thủ tục",
            "type": "select",
            "dataSource": "getServiceLists",
            "spec": "service",
            "display": false,
            "disabled": false
        },
        {
            "index": 6,
            "value": "adv_6",
            "text": "Lọc theo lĩnh vực",
            "type": "select",
            "dataSource": "getDomainLists",
            "spec": "domain",
            "display": false,
            "disabled": false
        },
        {
            "index": 7,
            "value": "adv_7",
            "text": "Tìm theo mã sổ theo dõi",
            "type": "text",
            "spec": "register",
            "display": false,
            "disabled": false
        }
    ]
}